{
    "Meta title": "JupiterMeet Video Conference",
    "Meta description": "The best video conference application.",
    "Meta keywords": "video, conference, chat",
    "Home": "Home",
    "Manage Update": "Manage Update",
    "Manage License": "Manage License",
    "Income": "Income",
    "Signaling Server": "Signaling Server",
    "Running": "Running",
    "Unreachable": "Unreachable",
    "Change Password": "Change Password",
    "Please enable the auth mode first": "Please enable the auth mode first",
    "Please enable the payment mode first": "Please enable the payment mode first",
    "Global Configuration": "Global Configuration",
    "You will need an Extended License to activate the payment module": "You will need an Extended License to activate the payment module.",
    "An error occurred, please try again": "An error occurred, please try again.",
    "Languages": "Languages",
    "Language": "Language",
    "The given file is not valid": "The given file is not valid.",
    "The default language can not be inactive": "The default language can not be inactive.",
    "There must be at least one default language": "There must be at least one default language.",
    "This language can not be deleted": "This language can not be deleted.",
    "The default language can not be deleted": "The default language can not be deleted.",
    "Pages": "Pages",
    "Pricing": "Pricing",
    "Payment": "Payment",
    "Payment has been successfully processed, thank you": "Payment has been successfully processed, thank you!",
    "Profile": "Profile",
    "Users": "Users",
    "Camera Off": "Camera Off",
    "Camera On": "Camera On",
    "Mute Audio": "Mute Audio",
    "Unmute Audio": "Unmute Audio",
    "Rotate Camera": "Rotate Camera",
    "Type a message": "Type a message...",
    "Send": "Send",
    "Select": "--Select--",
    "Login": "Login",
    "Join Now": "Join Now",
    "Admin": "Admin",
    "Upgrade": "Upgrade",
    "Logout": "Logout",
    "Terms & Conditions": "Terms & Conditions",
    "Privacy Policy": "Privacy Policy",
    "Payment Details": "Payment Details",
    "Name on Card": "Name on Card",
    "Card Number": "Card Number",
    "CVC": "CVC",
    "e.g 415": "e.g 415",
    "Expiration Month": "Expiration Month",
    "Expiration Year": "Expiration Year",
    "Fix the errors before you begin": "Fix the errors before you begin.",
    "Pay Now: ": "Pay Now: ",
    "Choose your plan": "Choose your plan",
    "Monthly": "Monthly",
    "Yearly": "Yearly",
    "Free": "Free",
    "month": "month",
    "year": "year",
    "All Basic Features": "All Basic Features",
    "Buy Now": "Buy Now",
    "Enter Current Password": "Enter Current Password",
    "Enter New Password": "Enter New Password",
    "Confirm New Password": "Confirm New Password",
    "Save": "Save",
    "E-Mail Address": "E-Mail Address",
    "Password": "Password",
    "Remember Me": "Remember Me",
    "Forgot Your Password": "Forgot Your Password?",
    "Username": "Username",
    "Register": "Register",
    "Confirm Password": "Confirm Password",
    "A fresh verification link has been sent to your email address": "A fresh verification link has been sent to your email address.",
    "Before proceeding, please check your email for a verification link": "Before proceeding, please check your email for a verification link.",
    "If you did not receive the email": "If you did not receive the email",
    "click here to request another": "click here to request another",
    "ID": "ID",
    "Action": "Action",
    "More info": "More info",
    "Auth Mode": "Auth Mode",
    "User Registration": "User Registration",
    "The payment mode is disabled, enable now to make the features paid": "The payment mode is disabled, enable now to make the features paid.",
    "Title": "Title",
    "Description": "Description",
    "Status": "Status",
    "Paid": "Paid",
    "Amount": "Amount",
    "Currency": "Currency",
    "Type": "Type",
    "Gateway": "Gateway",
    "Transaction ID": "Transaction ID",
    "Plan Start Date": "Plan Start Date",
    "Plan End Date": "Plan End Date",
    "Verify License": "Verify License",
    "Uninstall License": "Uninstall License",
    "View": "View",
    "URL": "URL",
    "Refresh": "Refresh",
    "Troubleshooting": "Troubleshooting",
    "Make sure, the URL is correct": "Make sure, the URL is correct",
    "Make sure, the /server/.env file has been updated as per the documentation": "Make sure, the /server/.env file has been updated as per the documentation",
    "Make sure, the NodeJS service is started as per the documentation": "Make sure, the NodeJS service is started as per the documentation",
    "Make sure, the required ports are allowed in the Firewall as per the documentation": "Make sure, the required ports are allowed in the Firewall as per the documentation",
    "Make sure, the SSL certificates are valid": "Make sure, the SSL certificates are valid",
    "If you are using Cloudflare, make sure you use 8443 port": "If you are using Cloudflare, make sure you use 8443 port",
    "Current version": "Current version",
    "Check for update": "Check for update",
    "Download": "Download",
    "Changelog": "Changelog",
    "Email": "Email",
    "Plan Type": "Plan Type",
    "Plan Status": "Plan Status",
    "Created Date": "Created Date",
    "Expired": "Expired",
    "Active": "Active",
    "Inactive": "Inactive",
    "Key": "Key",
    "Value": "Value",
    "Back": "Back",
    "Create": "Create",
    "Create Language": "Create Language",
    "Download English File": "Download English File",
    "Code": "Code",
    "Name": "Name",
    "RTL": "RTL (Right to Left)",
    "Default": "Default",
    "Yes": "Yes",
    "No": "No",
    "Edit": "Edit",
    "Delete": "Delete",
    "Download File": "Download File",
    "File": "File",
    "Enabled": "Enabled",
    "Disabled": "Disabled",
    "Light": "Light",
    "Dark": "Dark",
    "Enter Value": "Enter Value",
    "Preview": "Preview",
    "Data updated successfully": "Data updated successfully",
    "Data deleted successfully": "Data deleted successfully",
    "Your license is valid. Type: ": "Your license is valid. Type: ",
    "Your license is invalid. Error: ": "Your license is invalid. Error: ",
    "Are you sure": "Are you sure?",
    "License uninstalled": "License uninstalled",
    "License uninstallation failed. Error: ": "License uninstallation failed. Error: ",
    "An update is available: Version: ": "An update is available: Version: ",
    "Application is already at latest version. Version: ": "Application is already at latest version. Version: ",
    "The application has been successfully updated to the latest version": "The application has been successfully updated to the latest version.",
    "Update failed. Error: ": "Update failed. Error: ",
    "Please select at least one record": "Please select at least one record!",
    "Data added successfully": "Data added successfully",
    "The language has been deleted": "The language has been deleted.",
    "Jan": "Jan",
    "Feb": "Feb",
    "Mar": "Mar",
    "Apr": "Apr",
    "May": "May",
    "June": "June",
    "Jul": "Jul",
    "Aug": "Aug",
    "Sep": "Sep",
    "Oct": "Oct",
    "Nov": "Nov",
    "Dec": "Dec",
    "Could not get the session details": "Could not get the session details.",
    "System": "System",
    "Could not connect to the server, please try refreshing the page": "Could not connect to the server, please try refreshing the page.",
    "Could not get the devices, please check the error and try again": "Could not get the devices, please check the error and try again. ",
    "Reset Password": "Reset Password",
    "Send Password Reset Link": "Send Password Reset Link",
    "Direction": "Direction",
    "LTR": "LTR (Left to Right)",
    "Learn more": "Learn more",
    "Got it": "Got it!",
    "This website uses cookies to ensure you get the best experience on our website": "This website uses cookies to ensure you get the best experience on our website",
    "Dashboard": "Dashboard",
    "Copyright": "Copyright",
    "All rights reserved": "All rights reserved.",
    "Version": "Version",
    "Application Name will be visible in the entire application.": "Application Name will be visible in the entire application.",
    "Set the primary color for the front-end.": "Set the primary color for the front-end.",
    "This will be the main logo. Only PNG is supported. The maximum allowed size is 2 MB.": "This will be the main logo. Only PNG is supported. The maximum allowed size is 2 MB.",
    "This will visible during the video meeting and in the admin panel. Only PNG is supported. The maximum allowed size is 2 MB.": "This will visible during the video meeting and in the admin panel. Only PNG is supported. The maximum allowed size is 2 MB.",
    "This will be the favicon. Only PNG is supported. The maximum allowed size is 2 MB.": "This will be the favicon. Only PNG is supported. The maximum allowed size is 2 MB.",
    "Signaling server (NodeJS) URL.": "Signaling server (NodeJS) URL.",
    "STUN URL for WebRTC. No need to update.": "STUN URL for WebRTC. No need to update.",
    "TURN URL for WebRTC. Add your server's TURN URL once you finish installing it.": "TURN URL for WebRTC. Add your server's TURN URL once you finish installing it.",
    "Enter TURN username (NOT server's username).": "Enter TURN username (NOT server's username).",
    "Enter TURN password (NOT server's passsword).": "Enter TURN password (NOT server's passsword).",
    "This will be the default username when a guest user joins the meeting without entering his name.": "This will be the default username when a guest user joins the meeting without entering his name.",
    "The default time limit for the meeting. (Unlimited for paid users)": "The default time limit for the meeting. (Unlimited for paid users)",
    "If on, the system will display a cookie consent popup to the visitors.": "If on, the system will display a cookie consent popup to the visitors.",
    "Google Analytics tracking ID. Set null to turn it off. It uses the format G-XXXXXXX.": "Google Analytics tracking ID. Set null to turn it off. It uses the format G-XXXXXXX.",
    "Pricing title for the free plan.": "Pricing title for the free plan.",
    "Pricing title for the paid plan.": "Pricing title for the paid plan.",
    "The number of meetings allowed to a free user. (If the payment module is enabled)": "The number of meetings allowed to a free user. (If the payment module is enabled)",
    "Monthly price.": "Monthly price.",
    "Yearly price.": "Yearly price.",
    "Stripe payment gateway key. You can get it from your Stripe dashboard.": "Stripe payment gateway key. You can get it from your Stripe dashboard.",
    "Stripe payment gateway secret. You can get it from your Stripe dashboard.": "Stripe payment gateway secret. You can get it from your Stripe dashboard.",
    "Currency to accept payment.": "Currency to accept payment.",
    "If on, the moderator will be able to accept/reject requests to join the room and can kick the users out of the room.": "If on, the moderator will be able to accept/reject requests to join the room and can kick the users out of the room.",
    "This mode will turn on the register, dashboard, profile, etc modules. If this mode is off use the 'login' URL manually to log in.": "This mode will turn on the register, dashboard, profile, etc modules. If this mode is off use the 'login' URL manually to log in.",
    "This mode will turn on the payment module. An extended license is required.": "This mode will turn on the payment module. An extended license is required.",
    "Current version.": "Current version.",
    "Previous": "Previous",
    "Search": "Search",
    "Showing page _PAGE_ of _PAGES_": "Showing page _PAGE_ of _PAGES_",
    "Display _MENU_ records per page": "Display _MENU_ records per page",
    "Nothing found - sorry": "Nothing found - sorry",
    "No records available": "No records available",
    "filtered from _MAX_ total records": "filtered from _MAX_ total records",
    "License is not installed yet or corrupted.": "License is not installed yet or corrupted.",
    "Hi": "Hi",
    "Your plan is": "Your plan is",
    "and is valid till": "and is valid till",
    "Upgrade now": "Upgrade now",
    "Your transactions will be displayed here": "Your transactions will be displayed here.",
    "This feature is not available in demo mode": "This feature is not available in demo mode.",
    "Content": "Content",
    "The meeting does not exist": "The meeting does not exist",
    "Meeting": "Meeting",
    "You have reached the maximum meeting creation limit. Upgrade now": "You have reached the maximum meeting creation limit. Upgrade now!",
    "Moderator": "Moderator",
    "You will need an Extended License to activate the payment module.": "You will need an Extended License to activate the payment module.",
    "Meetings": "Meetings",
    "Create User": "Create User",
    "Special characters and spaces are not allowed": "Special characters and spaces are not allowed",
    "Meeting ID": "Meeting ID",
    "Start the meeting": "Start the meeting",
    "Create Meeting": "Create Meeting",
    "Join": "Join",
    "Enter Meeting ID": "Enter Meeting ID",
    "My Meetings": "My Meetings",
    "Your meetings will appear here": "Your meetings will appear here!",
    "Meeting ID:": "Meeting ID:",
    "Password:": "Password:",
    "Start": "Start",
    "Invite People": "Invite People",
    "Copy Link": "Copy Link",
    "Meeting details will appear here": "Meeting details will appear here!",
    "Create Meeting | ID": "Create Meeting | ID:",
    "Title*": "Title*",
    "Enter meeting title": "Enter meeting title",
    "Enter meeting description": "Enter meeting description",
    "Enter meeting password": "Enter meeting password",
    "Cancel": "Cancel",
    "Edit Meeting | ID:": "Edit Meeting | ID:",
    "Email*": "Email*",
    "Invite": "Invite",
    "Enter an email": "Enter an email",
    "Enter your name": "Enter your name",
    "Join Meeting": "Join Meeting",
    "Shortcut Keys information": "Shortcut Keys information",
    "Settings": "Settings",
    "Chat": "Chat",
    "Attach File": "Attach File",
    "Mute/Unmute Mic": "Mute/Unmute Mic",
    "Leave Meeting": "Leave Meeting",
    "On/Off Camera": "On/Off Camera",
    "Start/Stop ScreenShare": "Start/Stop ScreenShare",
    "Update Devices": "Update Devices",
    "File Preview": "File Preview",
    "File Display": "File Display",
    "Close": "Close",
    "Device Settings": "Device Settings",
    "Video Quality": "Video Quality",
    "QVGA": "QVGA",
    "VGA": "VGA",
    "HD": "HD",
    "Audio input source": "Audio input source",
    "Video source": "Video source",
    "Shortcut Key": "Shortcut Key",
    "Mute/Unmute Audio": "Mute/Unmute Audio",
    "On/Off Video": "On/Off Video",
    "Screen Share": "Screen Share",
    "Time Limit": "Time Limit",
    "Minutes": "Minutes",
    "Unlimited": "Unlimited",
    "Current": "Current",
    "Limited Meeting Time": "Limited Meeting Time",
    "Unlimited Meetings": "Unlimited Meetings",
    "Unlimited Meeting Time": "Unlimited Meeting Time",
    "Current password": "Current password",
    "New password": "New password",
    "Confirm password": "Confirm password",
    "Toggle navigation": "Toggle navigation",
    "Please confirm your password before continuing": "Please confirm your password before continuing.",
    "Verify Your Email Address": "Verify Your Email Address",
    "Note: An email will be sent to the user": "Note: An email will be sent to the user.",
    "All": "All",
    "The meeting has been created": "The meeting has been created",
    "The meeting has been deleted": "The meeting has been deleted",
    "Meeting link has been copied to the clipboard": "Meeting link has been copied to the clipboard",
    "The meeting has been updated": "The meeting has been updated",
    "Sending the invitation": "Sending the invitation...",
    "Invitation has been sent": "Invitation has been sent",
    "Hey there! Join me for a meeting at this link": "Hey there! Join me for a meeting at this link: ",
    "You have been kicked out of the meeting": "You have been kicked out of the meeting!",
    "Uploading the file": "Uploading the file...",
    "Meeting ended": "Meeting ended!",
    "Could not connect to the server, please try again later": "Could not connect to the server, please try again later.",
    "The password is invalid": "The password is invalid",
    "Could not get the devices, please check the permissions and try again. Error": "Could not get the devices, please check the permissions and try again. Error: ",
    "Approve": "Approve",
    "Decline": "Decline",
    "Request to join the meeting": "Request to join the meeting: ",
    "Your request has been declined by the moderator": "Your request has been declined by the moderator.",
    "Double click on the video to make it fullscreen": "Double click on the video to make it fullscreen!",
    "Single click on the video to turn picture-in-picture mode on": "Single click on the video to turn picture-in-picture mode on.",
    "An error occurred": "An error occurred: ",
    "Kick this user": "Kick this user",
    "A participant has joined the meeting": "A participant has joined the meeting: ",
    "Are you sure you want to kick this user": "Are you sure you want to kick this user?",
    "A participant has left the meeting": "A participant has left the meeting: ",
    "Camera has been turned on": "Camera has been turned on.",
    "Camera has been turned off": "Camera has been turned off.",
    "Mic has been unmute": "Mic has been unmute.",
    "Mic has been muted": "Mic has been muted.",
    "Fullscreen mode is not supported in this browser": "Fullscreen mode is not supported in this browser.",
    "The video is not playing or has no video track": "The video is not playing or has no video track.",
    "Picture-in-picture mode is not supported in this browser": "Picture-in-picture mode is not supported in this browser.",
    "The meeting invitation link has been copied to the clipboard": "The meeting invitation link has been copied to the clipboard!",
    "Please join with a camera to use Screen Share feature": "Please join with a camera to use Screen Share feature.",
    "Could not share the screen, please check the permissions and try again": "Could not share the screen, please check the permissions and try again.",
    "Maximum file size allowed (MB)": "Maximum file size allowed (MB): ",
    "View File": "View File",
    "Next": "Next",
    "Greetings! You can now host meetings": "Greetings! You can now host meetings.",
    "Thank you": "Thank you!",
    "Click here to login": "Click here to login: ",
    "Greetings! :username has invited you to attend a virtual meeting": "Greetings! :username  has invited you to attend a virtual meeting.",
    "Click here to join the meeting": "Click here to join the meeting: ",
    "Hi! :username, your plan has expired": "Hi! :username, your plan has expired!",
    "Click here to renew now": "Click here to renew now",
    "Your account has been created": "Your account has been created!",
    "You have been invited to a meeting": "You have been invited to a meeting!",
    "Plan expired": "Plan expired",
    "FHD": "FHD",
    "4K": "4K",
    "feature_1": "Group Conference",
    "feature_2": "In-Built Chat",
    "feature_3": "Screen Sharing",
    "feature_4": "File Sharing",
    "feature_5": "Whiteboard",
    "feature_6": "Recording",
    "feature_7": "Device Selection",
    "feature_8": "End-to-End Encryption",
    "feature_description_1": "Enjoy browser-based multi-user conferences without downloading any app.",
    "feature_description_2": "Share links and notes with our real-time chat feature on the go.",
    "feature_description_3": "Need to show something important during the conference? Share your screen instantly.",
    "feature_description_4": "Now you can share any media file of your choice on the go during video conferences.",
    "feature_description_5": "Use the collaborative whiteboard to share your ideas. Draw, write & download as an image.",
    "feature_description_6": "Easily record the meeting along with the screen and whiteboard, directly into your device.",
    "feature_description_7": "Choose which device and video quality work best for you before and after joining a meeting.",
    "feature_description_8": "The video meetings are end-to-end encrypted so that you can relax and enjoy the meeting.",
    "How To Host Video Meetings": "How To Host Video Meetings",
    "Once you are logged into the system, navigate to the dashboard and create a new meeting. Then, click and the Start link and Join the meeting. When the browser prompts for media permission, then approve it. You should be inside the video meeting now": "Once you are logged into the system, navigate to the dashboard and create a new meeting. Then, click and the Start link and Join the meeting. When the browser prompts for media permission, then approve it. You should be inside the video meeting now.",
    "Invite someone by clicking on the share icon. When they enter the same meeting ID as yours, you both will be connected. Enjoy rich features such as chat, screen sharing, file sharing, etc": "Invite someone by clicking on the share icon. When they enter the same meeting ID as yours, you both will be connected. Enjoy rich features such as chat, screen sharing, file sharing, etc.",
    "What are you waiting for? Host a meeting now": "What are you waiting for? Host a meeting now.",
    "About The Site": "About The Site",
    "About The Site Description": "The application provides the ability to host video meetings without downloading any apps into your machine. Enjoy fast, secure, and high-definition video meetings with rich features such as chat, file sharing, screen sharing, and many more.",
    "Host Meeting": "Host Meeting",
    "Have fun": "Have fun",
    "faq_q1": "How secure is the video meeting?",
    "faq_q2": "How do I invite people to the meeting?",
    "faq_q3": "The browser is not asking for the media permission, what do I do?",
    "faq_q4": "I can not see the other person, why?",
    "faq_a1": "The meetings are end-to-end encrypted. In addition, the host can set a meeting password, can decide who joins the meeting, and can kick participants out of the meeting. Which makes the meeting very secure.",
    "faq_a2": "You can send the meeting invite email from the dashboard or once you join the meeting, you can share the link in just one click from the meeting option buttons.",
    "faq_a3": "Make sure you have the media device attached and the browser is not blocked by your device settings. The best way is to test your media device online.",
    "faq_a4": "Make sure you both are in the same meeting. If you are the host, check the dialog in the upper right corner where you can accept the participant's request.",
    "The application is the best way to host video meetings online. The easy-to-use features make it more convenient to use this application for users. Try hosting a meeting now, you will get to know how easy to use the features are": "The application is the best way to host video meetings online. The easy-to-use features make it more convenient to use this application for users. Try hosting a meeting now, you will get to know how easy to use the features are.",
    "Share with your friends": "Share with your friends",
    "Start Now": "Start Now",
    "5-Star Rated Application": "5-Star Rated Application",
    "Frequently Asked Questions": "Frequently Asked Questions",
    "Video Conference Features": "Video Conference Features",
    "Whiteboard": "Whiteboard",
    "Pencil": "Pencil",
    "Marker": "Marker",
    "Erase drawings": "Erase drawings",
    "Write text": "Write text",
    "Add image": "Add image",
    "Add pdf": "Add pdf",
    "Drag / move last path": "Drag / move last path",
    "Drag / move all paths": "Drag / move all paths",
    "Draw Lines": "Draw Lines",
    "Draw Arrows": "Draw Arrows",
    "Zoon - In": "Zoon - In",
    "Zoom - Out": "Zoom - Out",
    "Arc": "Arc",
    "Rectangle": "Rectangle",
    "Quadratic curve": "Quadratic curve",
    "Bezier curve": "Bezier curve",
    "Undo: Remove recent shapes": "Undo: Remove recent shapes",
    "Set line - width": "Set line - width",
    "Set foreground and background colors": "Set foreground and background colors",
    "Extra options": "Extra options",
    "Take Snapshot": "Take Snapshot",
    "Clear": "Clear",
    "Stroke Style": "Stroke Style",
    "Fill Style": "Fill Style",
    "Done": "Done",
    "You can share the screen once someone joins the meeting": "You can share the screen once someone joins the meeting.",
    "Hand raised": "Hand raised",
    "You raised hand": "You raised hand",

    "Your screen": "Your screen",
    "I agree to the": "I agree to the",
    "You are receiving this email because we received a password reset request for your account.": "You are receiving this email because we received a password reset request for your account.",
    "Hello!": "Hello!",
    "Reset Password Notification": "Reset Password Notification",
    "This password reset link will expire in :count minutes.": "This password reset link will expire in :count minutes.",
    "If you did not request a password reset, no further action is required.": "If you did not request a password reset, no further action is required.",
    "Regards": "Regards",
    "Your password has been reset!": "Your password has been reset!",
    "We have emailed your password reset link!": "We have emailed your password reset link!",
    "Please wait before retrying.": "Please wait before retrying.",
    "This password reset token is invalid.": "This password reset token is invalid.",
    "We can't find a user with that email address.": "We can't find a user with that email address.",
    "These credentials do not match our records.": "These credentials do not match our records.",
    "The provided password is incorrect.": "The provided password is incorrect.",
    "Too many login attempts. Please try again in :seconds seconds.": "Too many login attempts. Please try again in :seconds seconds.",
    "The :attribute must be accepted.": "The :attribute must be accepted.",
    "The :attribute confirmation does not match.": "The :attribute confirmation does not match.",
    "The :attribute must be a valid email address.": "The :attribute must be a valid email address.",
    "The :attribute must be a file.": "The :attribute must be a file.",
    "The :attribute must be an image.": "The :attribute must be an image.",
    "The :attribute must be an integer.": "The :attribute must be an integer.",
    "The :attribute must not be greater than :max.": "The :attribute must not be greater than :max.",
    "The :attribute must not be greater than :max characters.": "The :attribute must not be greater than :max characters.",
    "The :attribute must be at least :min.": "The :attribute must be at least :min.",
    "The :attribute must be at least :min characters.": "The :attribute must be at least :min characters.",
    "The :attribute must be a number.": "The :attribute must be a number.",
    "The password is incorrect.": "The password is incorrect.",
    "The :attribute field is required.": "The :attribute field is required.",
    "The :attribute must be a string.": "The :attribute must be a string.",
    "The :attribute has already been taken.": "The :attribute has already been taken.",
    "The :attribute failed to upload.": "The :attribute failed to upload.",
    "The :attribute format is invalid.": "The :attribute format is invalid.",
    "If you're having trouble clicking the \":actionText\" button, copy and paste the URL below\ninto your web browser:": "If you’re having trouble clicking the \":actionText\" button, copy and paste the URL below\ninto your web browser:",
    "All rights reserved.": "All rights reserved.",
    "Note: Once the update is downloaded, it is recommended to restart the signaling server from the terminal. Refer to the Manage Processes section from the installation manual.": "Note: Once the update is downloaded, it is recommended to restart the signaling server from the terminal. Refer to the Manage Processes section from the installation manual.",
    "The meeting has not been started yet": "The meeting has not been started yet",
    "The meeting is full": "The meeting is full",
    "Please wait while the moderator check your request": "Please wait while the moderator check your request",
    "Recording": "Recording",
    "Recording preference": "Recording preference",
    "With whiteboard": "With whiteboard",
    "Without whiteboard": "Without whiteboard",
    "Request to record the meeting": "Request to record the meeting: ",
    "You recording request was not approved": "You recording request was not approved",
    "This feature is not yet supported in your browser": "This feature is not yet supported in your browser",

    "Settings saved.": "Settings saved.",
    "Checkout": "Checkout",
    "Coupon": "Coupon",
    ":name has been created.": ":name has been created.",
    ":Coupon saved.": ":Coupon saved.",
    "Payment Gateways": "Payment Gateways",
    "Plan": "Plan",
    ":Plan saved.": ":Plan saved.",
    "Tax Rate": "Tax Rate",
    "Tax rate saved": "Tax rate saved",
    "Transaction": "Transaction",
    "Cancelled": "Cancelled",
    "Discount": "Discount",
    "Redeemable": "Redeemable",
    "Copy": "Copy",
    "Days": "Days",
    "Percentage off": "Percentage off",
    "Quantity": "Quantity",
    "Monthly amount": "Monthly amount",
    "Yearly amount": "Yearly amount",
    "Exclusive": "Exclusive",
    "Inclusive": "Inclusive",
    "Features": "Features",
    "Audio chat": "Audio chat",
    "On": "On",
    "Off": "Off",
    "Video chat": "Video chat",
    "Text chat": "Text chat",
    "File sharing": "File sharing",
    "Screen sharing": "Screen sharing",
    "Hand raise": "Hand raise",
    "Number of meetings": "Number of meetings",
    "Time limit": "Time limit (in minutes)",
    "Regions": "Regions",
    "Percentage": "Percentage",

    "Stripe publishable key is required.": "Stripe publishable key is required.",
    "Stripe secret key is required.": "Stripe secret key is required.",
    "Stripe signing secret is required.": "Stripe signing secret is required.",
    "PayPal client ID is required.": "PayPal client ID is required.",
    "PayPal secret key is required.": "PayPal secret key is required.",
    "PayPal webhook ID is required.": "PayPal webhook ID is required.",
    "Manage Payment": "Manage Payment",

    "Create Plan": "Create Plan",
    "Edit Plan": "Edit Plan",
    "Create Coupon": "Create Coupon",
    "Edit Coupon": "Edit Coupon",
    "Completed": "Completed",
    "Pending": "Pending",
    "Data created successfully": "Data created successfully",
    "Security": "Security",
    "Payments": "Payments",
    "Basic Information": "Basic Information",
    "My Plan": "My Plan",
    "Your payment history will appear here.": "Your payment history will appear here.",
    "This feature is not available in the current meeting plan": "This feature is not available in the current meeting plan",
    "Save :value%": "Save :value%",
    "Plans": "Plans",
    "Coupons": "Coupons",
    "Tax Rates": "Tax Rates",
    "Create Tax Rate": "Create Tax Rate",
    "Edit Tax Rate": "Edit Tax Rate",
    "Payment completed": "Payment completed",
    "Payment cancelled": "Payment cancelled",
    "The payment was successful": "The payment was successful",
    "Thank you!": "Thank you!",
    "The payment was cancelled.": "The payment was cancelled.",
    "Subscription cancelled": "Subscription cancelled",
    "The subscription was cancelled.": "The subscription was cancelled.",
    "You": "You",
    "Camera is off": "Camera is off",
    "Toggle video": "Toggle video",
    "Basic": "Basic",
    "Application": "Application",
    "Networking": "Networking",
    "Application Name": "Application Name",
    "Primary Color": "Primary Color",
    "Primary Logo": "Primary Logo",
    "Secondary Logo": "Secondary Logo",
    "Favicon Icon": "Favicon Icon",
    "Cookie Consent": "Cookie Consent",
    "Landing page": "Landing page",
    "Google analytics ID": "Google analytics ID",
    "Social Invitation": "Social Invitation",
    "Signaling URL": "Signaling URL",
    "Moderator Rights": "Moderator Rights",
    "Default Username": "Default Username",
    "Meeting Limit": "Meeting Limit",
    "Global Configuration - Basic": "Global Configuration - Basic",
    "Global Configuration - Application": "Global Configuration - Application",
    "Global Configuration - Networking": "Global Configuration - Networking",
    "Global Configuration - Meeting": "Global Configuration - Meeting",
    "Welcome back!": "Welcome back!",
    "Don't have an account yet?": "Don't have an account yet?",
    "Create an account": "Create an account",
    "Already have an account?": "Already have an account?",
    "Create a new password": "Create a new password",
    "Forgot your password?": "Forgot your password?",
    "Already have the password?": "Already have the password?",
    "Use the given HTML formatter only. Directly used HTML will be saved as plain text": "Use the given HTML formatter only. Directly used HTML will be saved as plain text.",
    "The JSON file is invalid": "The JSON file is invalid.",
    "Payment Mode": "Payment Mode",
    "Set landing page on or off.": "Set landing page on or off.",
    "Your support has expired. Please renew your support to continue enjoying auto updates.": "Your support has expired. Please renew your support to continue enjoying auto updates.",
    "Simple, transparent pricing": "Simple, transparent pricing",
    "Choose a plan that works best for you": "Choose a plan that works best for you.",
    "Up to": "Up to ",
    "minutes": " minutes",
    "Audio Chat": "Audio Chat",
    "Video Chat": "Video Chat",
    "Text Chat": "Text Chat",
    "Screen Sharing": "Screen Sharing",
    "File Sharing": "File Sharing",
    "Hand Raise": "Hand Raise",
    "Subscribe": "Subscribe",
    "Social invitation link message.": "Social invitation link message.",
    "STUN URL": "STUN URL",
    "TURN URL": "TURN URL",
    "TURN Username": "TURN Username",
    "TURN Password": "TURN Password"
}